pair_id,peptide_sequence,allele,deepimmuno_hla,peptide_length,pos,id,meas,core,icore,el_score,el_rank,ba_score,ba_rank,ave,nb,ident,sv_id,gene_name,peptide_source,sv_type,sample,N_score,C_score,max_internal_score,internal_cleavage_count
l041,KSERRIKEL,HLA-C15:02,HLA-C*1502,9,0,PEPLIST,KSERRIKEL,KSERRIKEL,KSERRIKEL,0.3954,0.3261,0.3502,0.9698,0.0669,1,idx250,14_23384717_23415385_DEL_1,MYH6,frameshift,DEL,l041,0.662322,0.940429,0.423464,0
l041,KSARRWWTR,HLA-A11:01,HLA-A*1101,9,0,PEPLIST,KSARRWWTR,KSARRWWTR,KSARRWWTR,0.2067,1.0618,0.5389,0.7686,0.1854,2,idx1168,10_71819902_71820240_DEL_1,PSAP,frameshift,DEL,l041,0.585898,0.665109,0.497476,0
l041,KSARRWWTR,HLA-A31:01,HLA-A*3101,9,0,PEPLIST,KSARRWWTR,KSARRWWTR,KSARRWWTR,0.9013,0.0271,0.8848,0.0080,0.1854,2,idx1168,10_71819902_71820240_DEL_1,PSAP,frameshift,DEL,l041,0.585898,0.665109,0.497476,0
l041,LLWSLGSANK,HLA-A11:01,HLA-A*1101,10,0,PEPLIST,LLWSGSANK,LLWSGSANK,LLWSLGSANK,0.0953,1.8551,0.4944,1.0529,0.0183,1,idx2216,12_102852949_102855162_DEL_1,PAH,frameshift,DEL,l041,0.691359,0.964648,0.061854,0
l041,AVMGSALTQL,HLA-C15:02,HLA-C*1502,10,0,PEPLIST,AVMGSALQL,AVMGSALQL,AVMGSALTQL,0.0943,1.5646,0.2998,1.5563,0.0181,1,idx3060,15_48452686_48456637_DEL_1,FBN1,frameshift,DEL,l041,0.875381,0.813047,0.383273,0
l041,SLRFPGSKMK,HLA-A11:01,HLA-A*1101,10,0,PEPLIST,SLFPGSKMK,SLFPGSKMK,SLRFPGSKMK,0.5302,0.3381,0.5505,0.6988,0.1034,1,idx15475,2_178594227_178594344_DEL_1,TTN,frameshift,DEL,l041,0.563161,0.972273,0.320855,0
l041,FTKRIQNIV,HLA-C15:02,HLA-C*1502,9,0,PEPLIST,FTKRIQNIV,FTKRIQNIV,FTKRIQNIV,0.2809,0.5389,0.4113,0.5360,0.0608,1,idx40300,2_178704779_178705208_DEL_1,TTN,frameshift,DEL,l041,0.581643,0.972995,0.319773,0
l041,VPGMPKKSV,HLA-B51:02,HLA-B*5102,9,0,PEPLIST,VPGMPKKSV,VPGMPKKSV,VPGMPKKSV,0.4272,0.3780,0.1960,1.2773,0.0724,1,idx41931,2_178704779_178705208_DEL_1,TTN,frameshift,DEL,l041,0.584414,0.927413,0.449787,0
l041,VPEKKLPEA,HLA-B51:02,HLA-B*5102,9,0,PEPLIST,VPEKKLPEA,VPEKKLPEA,VPEKKLPEA,0.2500,0.8392,0.1646,1.9824,0.0434,1,idx42308,2_178704779_178705208_DEL_1,TTN,frameshift,DEL,l041,0.553249,0.974665,0.367868,0
l041,FVCELSHEK,HLA-A11:01,HLA-A*1101,9,0,PEPLIST,FVCELSHEK,FVCELSHEK,FVCELSHEK,0.4120,0.5188,0.5262,0.8416,0.0802,1,idx43634,2_178704779_178705208_DEL_1,TTN,frameshift,DEL,l041,0.590671,0.626814,0.473061,0
l041,HIKVGDTLR,HLA-A31:01,HLA-A*3101,9,0,PEPLIST,HIKVGDTLR,HIKVGDTLR,HIKVGDTLR,0.4926,0.4800,0.6087,0.6019,0.0846,1,idx49251,2_178704779_178705208_DEL_1,TTN,frameshift,DEL,l041,0.779583,0.519511,0.312084,0
l041,IADKGKTFV,HLA-B51:02,HLA-B*5102,9,0,PEPLIST,IADKGKTFV,IADKGKTFV,IADKGKTFV,0.2725,0.7489,0.1707,1.8364,0.1233,2,idx50125,2_178704779_178705208_DEL_1,TTN,frameshift,DEL,l041,0.788321,0.968762,0.288942,0
l041,IADKGKTFV,HLA-C15:02,HLA-C*1502,9,0,PEPLIST,IADKGKTFV,IADKGKTFV,IADKGKTFV,0.4519,0.2644,0.4302,0.4523,0.1233,2,idx50125,2_178704779_178705208_DEL_1,TTN,frameshift,DEL,l041,0.788321,0.968762,0.288942,0
l041,GGAPIIGYV,HLA-C15:02,HLA-C*1502,9,0,PEPLIST,GGAPIIGYV,GGAPIIGYV,GGAPIIGYV,0.1318,1.1757,0.3342,1.1280,0.0277,1,idx50537,2_178704779_178705208_DEL_1,TTN,frameshift,DEL,l041,0.726295,0.833624,0.388189,0
l041,ISEPLTSPK,HLA-A11:01,HLA-A*1101,9,0,PEPLIST,ISEPLTSPK,ISEPLTSPK,ISEPLTSPK,0.5011,0.3759,0.5815,0.5335,0.0921,1,idx51081,2_178704779_178705208_DEL_1,TTN,frameshift,DEL,l041,0.805288,0.947509,0.292205,0
l041,KLTGYIVEK,HLA-A11:01,HLA-A*1101,9,0,PEPLIST,KLTGYIVEK,KLTGYIVEK,KLTGYIVEK,0.7611,0.1242,0.6524,0.2683,0.1833,2,idx52298,2_178704779_178705208_DEL_1,TTN,frameshift,DEL,l041,0.646136,0.967681,0.19427,0
l041,KLTGYIVEK,HLA-A31:01,HLA-A*3101,9,0,PEPLIST,KLTGYIVEK,KLTGYIVEK,KLTGYIVEK,0.3249,0.8775,0.4511,1.9217,0.1833,2,idx52298,2_178704779_178705208_DEL_1,TTN,frameshift,DEL,l041,0.646136,0.967681,0.19427,0
l041,NITRHTVTL,HLA-B39:01,HLA-B*3901,9,0,PEPLIST,NITRHTVTL,NITRHTVTL,NITRHTVTL,0.1162,1.1663,0.2999,1.2021,0.0492,2,idx53342,2_178704779_178705208_DEL_1,TTN,frameshift,DEL,l041,0.833758,0.937137,0.161462,0
l041,RVLGYVVEM,HLA-C07:02,HLA-C*0702,9,0,PEPLIST,RVLGYVVEM,RVLGYVVEM,RVLGYVVEM,0.0753,0.6856,0.3107,0.7731,0.1433,2,idx56075,2_178704779_178705208_DEL_1,TTN,frameshift,DEL,l041,0.793195,0.954264,0.303121,0
l041,RVLGYVVEM,HLA-C15:02,HLA-C*1502,9,0,PEPLIST,RVLGYVVEM,RVLGYVVEM,RVLGYVVEM,0.6142,0.1324,0.4845,0.2694,0.1433,2,idx56075,2_178704779_178705208_DEL_1,TTN,frameshift,DEL,l041,0.793195,0.954264,0.303121,0
l041,IFRVTGVNK,HLA-A31:01,HLA-A*3101,9,0,PEPLIST,IFRVTGVNK,IFRVTGVNK,IFRVTGVNK,0.2491,1.1847,0.5168,1.2669,0.0442,1,idx57650,2_178704779_178705208_DEL_1,TTN,frameshift,DEL,l041,0.501773,0.966277,0.374506,0
l041,DSGKTTITI,HLA-B51:02,HLA-B*5102,9,0,PEPLIST,DSGKTTITI,DSGKTTITI,DSGKTTITI,0.3989,0.4268,0.2069,1.1065,0.0716,1,idx57785,2_178704779_178705208_DEL_1,TTN,frameshift,DEL,l041,0.782035,0.90414,0.149179,0
l041,AANSSGTTK,HLA-A11:01,HLA-A*1101,9,0,PEPLIST,AANSSGTTK,AANSSGTTK,AANSSGTTK,0.7839,0.1080,0.5946,0.4691,0.1513,1,idx58235,2_178704779_178705208_DEL_1,TTN,frameshift,DEL,l041,0.914024,0.644455,0.205648,0
l041,GSISNPSEV,HLA-C15:02,HLA-C*1502,9,0,PEPLIST,GSISNPSEV,GSISNPSEV,GSISNPSEV,0.4166,0.2977,0.4405,0.4100,0.0774,1,idx58523,2_178704779_178705208_DEL_1,TTN,frameshift,DEL,l041,0.778023,0.954072,0.082148,0
l041,EPCETTEPV,HLA-B51:02,HLA-B*5102,9,0,PEPLIST,EPCETTEPV,EPCETTEPV,EPCETTEPV,0.2051,1.0810,0.2041,1.1461,0.0361,1,idx59105,2_178704779_178705208_DEL_1,TTN,frameshift,DEL,l041,0.758142,0.924307,0.393103,0
l041,VSQPLVSSI,HLA-B51:02,HLA-B*5102,9,0,PEPLIST,VSQPLVSSI,VSQPLVSSI,VSQPLVSSI,0.5084,0.2460,0.2835,0.4707,0.2030,2,idx59393,2_178704779_178705208_DEL_1,TTN,frameshift,DEL,l041,0.713939,0.976397,0.389897,0
l041,VSQPLVSSI,HLA-C15:02,HLA-C*1502,9,0,PEPLIST,VSQPLVSSI,VSQPLVSSI,VSQPLVSSI,0.6924,0.0800,0.5371,0.1580,0.2030,2,idx59393,2_178704779_178705208_DEL_1,TTN,frameshift,DEL,l041,0.713939,0.976397,0.389897,0
l041,GSRLTGYVL,HLA-C15:02,HLA-C*1502,9,0,PEPLIST,GSRLTGYVL,GSRLTGYVL,GSRLTGYVL,0.1103,1.3770,0.3095,1.4165,0.0205,1,idx61283,2_178704779_178705208_DEL_1,TTN,frameshift,DEL,l041,0.864105,0.921393,0.462538,0
l041,TLQIFDVSR,HLA-A31:01,HLA-A*3101,9,0,PEPLIST,TLQIFDVSR,TLQIFDVSR,TLQIFDVSR,0.3448,0.8186,0.5748,0.8156,0.0647,1,idx61554,2_178704779_178705208_DEL_1,TTN,frameshift,DEL,l041,0.67818,0.932126,0.135631,0
l041,IATNEVGEV,HLA-B51:02,HLA-B*5102,9,0,PEPLIST,IATNEVGEV,IATNEVGEV,IATNEVGEV,0.1737,1.2788,0.1934,1.3287,0.0468,2,idx62218,2_178704779_178705208_DEL_1,TTN,frameshift,DEL,l041,0.593007,0.967939,0.423497,0
l041,IATNEVGEV,HLA-C15:02,HLA-C*1502,9,0,PEPLIST,IATNEVGEV,IATNEVGEV,IATNEVGEV,0.1062,1.4215,0.3082,1.4332,0.0468,2,idx62218,2_178704779_178705208_DEL_1,TTN,frameshift,DEL,l041,0.593007,0.967939,0.423497,0
l041,YRCKVVNDY,HLA-C07:02,HLA-C*0702,9,0,PEPLIST,YRCKVVNDY,YRCKVVNDY,YRCKVVNDY,0.3215,0.1518,0.4599,0.1718,0.0557,1,idx63243,2_178704779_178705208_DEL_1,TTN,frameshift,DEL,l041,0.807091,0.975232,0.182019,0
l041,RPPEFTLPL,HLA-B39:01,HLA-B*3901,9,0,PEPLIST,RPPEFTLPL,RPPEFTLPL,RPPEFTLPL,0.2612,0.5447,0.4435,0.3466,0.1155,3,idx63292,2_178704779_178705208_DEL_1,TTN,frameshift,DEL,l041,0.675364,0.55408,0.089533,0
l041,RPPEFTLPL,HLA-B51:02,HLA-B*5102,9,0,PEPLIST,RPPEFTLPL,RPPEFTLPL,RPPEFTLPL,0.3721,0.4751,0.2340,0.8251,0.1155,3,idx63292,2_178704779_178705208_DEL_1,TTN,frameshift,DEL,l041,0.675364,0.55408,0.089533,0
l041,RPPEFTLPL,HLA-C07:02,HLA-C*0702,9,0,PEPLIST,RPPEFTLPL,RPPEFTLPL,RPPEFTLPL,0.0338,1.3257,0.2330,1.8470,0.1155,3,idx63292,2_178704779_178705208_DEL_1,TTN,frameshift,DEL,l041,0.675364,0.55408,0.089533,0
l041,ASSSVREVK,HLA-A11:01,HLA-A*1101,9,0,PEPLIST,ASSSVREVK,ASSSVREVK,ASSSVREVK,0.6911,0.1695,0.6383,0.3053,0.1509,2,idx64110,2_178704779_178705208_DEL_1,TTN,frameshift,DEL,l041,0.865723,0.60809,0.358846,0
l041,RVKSPEPRV,HLA-C15:02,HLA-C*1502,9,0,PEPLIST,RVKSPEPRV,RVKSPEPRV,RVKSPEPRV,0.3610,0.3741,0.2997,1.5572,0.0770,1,idx64268,2_178704779_178705208_DEL_1,TTN,frameshift,DEL,l041,0.87289,0.910891,0.286927,0
l041,EAVKSPKRV,HLA-B51:02,HLA-B*5102,9,0,PEPLIST,EAVKSPKRV,EAVKSPKRV,EAVKSPKRV,0.4435,0.3514,0.1815,1.5953,0.0857,2,idx64280,2_178704779_178705208_DEL_1,TTN,frameshift,DEL,l041,0.654171,0.945442,0.316507,0
l041,CQYDLTLSK,HLA-A11:01,HLA-A*1101,9,0,PEPLIST,CQYDLTLSK,CQYDLTLSK,CQYDLTLSK,0.6766,0.1802,0.6758,0.2035,0.1360,1,idx64723,2_178704779_178705208_DEL_1,TTN,frameshift,DEL,l041,0.909162,0.977688,0.320435,0
l041,LRTSGDTSL,HLA-B39:01,HLA-B*3901,9,0,PEPLIST,LRTSGDTSL,LRTSGDTSL,LRTSGDTSL,0.6428,0.1297,0.5345,0.1321,0.1246,2,idx64839,2_178704779_178705208_DEL_1,TTN,frameshift,DEL,l041,0.730547,0.962737,0.329244,0
l041,LRTSGDTSL,HLA-C07:02,HLA-C*0702,9,0,PEPLIST,LRTSGDTSL,LRTSGDTSL,LRTSGDTSL,0.1014,0.5282,0.3436,0.5487,0.1246,2,idx64839,2_178704779_178705208_DEL_1,TTN,frameshift,DEL,l041,0.730547,0.962737,0.329244,0
l041,RAVPEEKVLK,HLA-A11:01,HLA-A*1101,10,0,PEPLIST,RVPEEKVLK,RVPEEKVLK,RAVPEEKVLK,0.4727,0.4160,0.4580,1.3440,0.0917,1,idx66037,2_178704779_178705208_DEL_1,TTN,frameshift,DEL,l041,0.685408,0.951069,0.410811,0
l041,RETADLVWTK,HLA-A11:01,HLA-A*1101,10,0,PEPLIST,RTADLVWTK,RTADLVWTK,RETADLVWTK,0.8701,0.0508,0.7385,0.0852,0.2021,2,idx74809,2_178704779_178705208_DEL_1,TTN,frameshift,DEL,l041,0.787636,0.978136,0.15326,0
l041,RETADLVWTK,HLA-A31:01,HLA-A*3101,10,0,PEPLIST,RTADLVWTK,RTADLVWTK,RETADLVWTK,0.3401,0.8328,0.4881,1.5485,0.2021,2,idx74809,2_178704779_178705208_DEL_1,TTN,frameshift,DEL,l041,0.787636,0.978136,0.15326,0
l041,SKFSLTKAKR,HLA-A31:01,HLA-A*3101,10,0,PEPLIST,SKFSLTAKR,SFSLTKAKR,SKFSLTKAKR,0.1988,1.4742,0.4929,1.4983,0.0333,1,idx75250,2_178704779_178705208_DEL_1,TTN,frameshift,DEL,l041,0.721872,0.961609,0.455835,0
l041,SSINNYIVEK,HLA-A11:01,HLA-A*1101,10,0,PEPLIST,SSINNIVEK,SSINNIVEK,SSINNYIVEK,0.8071,0.0865,0.7836,0.0332,0.1483,1,idx79237,2_178704779_178705208_DEL_1,TTN,frameshift,DEL,l041,0.883137,0.95885,0.426899,0
l041,TRFDSGRYNL,HLA-B39:01,HLA-B*3901,10,0,PEPLIST,TRFDGRYNL,TRFDSGYNL,TRFDSGRYNL,0.4505,0.2639,0.4364,0.3687,0.1000,2,idx81967,2_178704779_178705208_DEL_1,TTN,frameshift,DEL,l041,0.863187,0.813879,0.494188,0
l041,TRFDSGRYNL,HLA-C07:02,HLA-C*0702,10,0,PEPLIST,TRFDGRYNL,TRFDSGRYL,TRFDSGRYNL,0.1397,0.4081,0.3904,0.3574,0.1000,2,idx81967,2_178704779_178705208_DEL_1,TTN,frameshift,DEL,l041,0.863187,0.813879,0.494188,0
l041,LPAGWKPLF,HLA-B51:02,HLA-B*5102,9,0,PEPLIST,LPAGWKPLF,LPAGWKPLF,LPAGWKPLF,0.5647,0.1889,0.3578,0.2056,0.0979,1,idx116824,2_210582710_210588091_DEL_1,CPS1,frameshift,DEL,l041,0.728923,0.972869,0.308973,0
l041,IKAEQPDGL,HLA-B39:01,HLA-B*3901,9,0,PEPLIST,IKAEQPDGL,IKAEQPDGL,IKAEQPDGL,0.2100,0.6668,0.2595,1.6886,0.0363,1,idx116975,2_210582710_210588091_DEL_1,CPS1,frameshift,DEL,l041,0.657803,0.845678,0.380369,0
l041,FIDNLVLPL,HLA-B39:01,HLA-B*3901,9,0,PEPLIST,FIDNLVLPL,FIDNLVLPL,FIDNLVLPL,0.1046,1.2743,0.5166,0.1587,0.0403,2,idx120775,21_45982756_45984266_DEL_1,COL6A1,frameshift,DEL,l041,0.826623,0.670349,0.255335,0
l041,FIDNLVLPL,HLA-C15:02,HLA-C*1502,9,0,PEPLIST,FIDNLVLPL,FIDNLVLPL,FIDNLVLPL,0.0889,1.6368,0.3662,0.8452,0.0403,2,idx120775,21_45982756_45984266_DEL_1,COL6A1,frameshift,DEL,l041,0.826623,0.670349,0.255335,0
l041,TYCSEPETF,HLA-C07:02,HLA-C*0702,9,0,PEPLIST,TYCSEPETF,TYCSEPETF,TYCSEPETF,0.1875,0.2938,0.2852,1.0215,0.0354,1,idx123910,3_149207602_149209258_DEL_1,CP,frameshift,DEL,l041,0.591564,0.53453,0.466615,0
l041,IRGKHVRHY,HLA-C07:02,HLA-C*0702,9,0,PEPLIST,IRGKHVRHY,IRGKHVRHY,IRGKHVRHY,0.4823,0.0787,0.4528,0.1831,0.0812,1,idx124017,3_149207602_149209258_DEL_1,CP,frameshift,DEL,l041,0.688017,0.920556,0.424541,0
l041,SSDICSNLK,HLA-A11:01,HLA-A*1101,9,0,PEPLIST,SSDICSNLK,SSDICSNLK,SSDICSNLK,0.3546,0.6401,0.6384,0.3052,0.0605,1,idx130007,7_80670088_80671007_DEL_1,CD36,frameshift,DEL,l041,0.843544,0.947433,0.423113,0
l041,RRSSSPPSSV,HLA-C15:02,HLA-C*1502,10,0,PEPLIST,RSSSPPSSV,RSSSPPSSV,RRSSSPPSSV,0.2339,0.6680,0.3911,0.6482,0.0440,1,idx131528,1_229432188_229432997_DEL_1,ACTA1,frameshift,DEL,l041,0.50239,0.594095,0.437185,0
l041,TSSSTLLSM,HLA-C15:02,HLA-C*1502,9,0,PEPLIST,TSSSTLLSM,TSSSTLLSM,TSSSTLLSM,0.6213,0.1278,0.5644,0.1129,0.1240,1,idx133379,17_76292209_76292734_DUP_1,QRICH2,frameshift,DUP,l041,0.805464,0.538508,0.366506,0
l041,YPTEEIQIAM,HLA-B39:01,HLA-B*3901,10,0,PEPLIST,YTEEIQIAM,YPEEIQIAM,YPTEEIQIAM,0.0832,1.4939,0.3683,0.6711,0.0806,2,idx134940,17_76292209_76292734_DUP_1,QRICH2,frameshift,DUP,l041,0.803142,0.85359,0.407189,0
l041,YPTEEIQIAM,HLA-B51:02,HLA-B*5102,10,0,PEPLIST,YTEEIQIAM,YPTEIQIAM,YPTEEIQIAM,0.3803,0.4602,0.2718,0.5358,0.0806,2,idx134940,17_76292209_76292734_DUP_1,QRICH2,frameshift,DUP,l041,0.803142,0.85359,0.407189,0
l041,ILGLDGHIYK,HLA-A11:01,HLA-A*1101,10,0,PEPLIST,ILLDGHIYK,ILLDGHIYK,ILGLDGHIYK,0.4579,0.4403,0.6562,0.2588,0.0871,1,idx134956,17_76292209_76292734_DUP_1,QRICH2,frameshift,DUP,l041,0.907968,0.966301,0.368885,0
l041,KVNMQKMQI,HLA-C15:02,HLA-C*1502,9,0,PEPLIST,KVNMQKMQI,KVNMQKMQI,KVNMQKMQI,0.4805,0.2377,0.4412,0.4071,0.0864,1,idx136777,11_10799759_10800095_DEL_1,EIF4G2,DEL_in-frame,DEL,l041,0.751196,0.854527,0.45663,0
l041,FIQELPKTI,HLA-B51:02,HLA-B*5102,9,0,PEPLIST,FIQELPKTI,FIQELPKTI,FIQELPKTI,0.3394,0.5421,0.2047,1.1378,0.1054,2,idx140109,16_20785111_20786081_DEL_1,ACSM3,frameshift,DEL,l041,0.677567,0.872242,0.497254,0
l041,FIQELPKTI,HLA-C15:02,HLA-C*1502,9,0,PEPLIST,FIQELPKTI,FIQELPKTI,FIQELPKTI,0.2625,0.5876,0.2806,1.8830,0.1054,2,idx140109,16_20785111_20786081_DEL_1,ACSM3,frameshift,DEL,l041,0.677567,0.872242,0.497254,0
l041,NTKRVIQYF,HLA-C07:02,HLA-C*0702,9,0,PEPLIST,NTKRVIQYF,NTKRVIQYF,NTKRVIQYF,0.0306,1.4255,0.2366,1.7674,0.0314,2,idx142280,17_10512428_10539564_DUP_1,MYH1,frameshift,DUP,l041,0.619151,0.758231,0.269904,0
l041,TRASGRHTT,HLA-B39:01,HLA-B*3901,9,0,PEPLIST,TRASGRHTT,TRASGRHTT,TRASGRHTT,0.1030,1.2889,0.2673,1.5770,0.0179,1,idx149497,19_41304261_41305673_DEL_1,HNRNPUL1,frameshift,DEL,l041,0.898497,0.885017,0.408971,0
l041,AVSMKEEKK,HLA-A11:01,HLA-A*1101,9,0,PEPLIST,AVSMKEEKK,AVSMKEEKK,AVSMKEEKK,0.4373,0.4740,0.4635,1.2945,0.0771,1,idx151423,8_24914874_24915641_DEL_1,NEFM,frameshift,DEL,l041,0.837086,0.64345,0.145309,0
l041,WLRHLLHPR,HLA-A31:01,HLA-A*3101,9,0,PEPLIST,WLRHLLHPR,WLRHLLHPR,WLRHLLHPR,0.3960,0.6863,0.7137,0.1932,0.0665,1,idx153493,1_44001620_44002325_DEL_1,SLC6A9,frameshift,DEL,l041,0.632182,0.944782,0.481941,0
l041,GRLIQRDVL,HLA-B39:01,HLA-B*3901,9,0,PEPLIST,GRLIQRDVL,GRLIQRDVL,GRLIQRDVL,0.1653,0.8461,0.2863,1.3511,0.0293,1,idx153799,1_149906034_149906658_DEL_1,SV2A,frameshift,DEL,l041,0.7559,0.969234,0.395608,0
l041,FACASRATR,HLA-A31:01,HLA-A*3101,9,0,PEPLIST,FACASRATR,FACASRATR,FACASRATR,0.2721,1.0854,0.6158,0.5673,0.0470,1,idx153943,1_156642275_156646798_DEL_1,BCAN,frameshift,DEL,l041,0.655055,0.961375,0.269702,0
l041,KFVRGSTFK,HLA-A31:01,HLA-A*3101,9,0,PEPLIST,KFVRGSTFK,KFVRGSTFK,KFVRGSTFK,0.2522,1.1710,0.5483,1.0058,0.0520,1,idx157593,13_37579359_37579863_DEL_1,POSTN,frameshift,DEL,l041,0.883738,0.923452,0.184646,0
l041,RHLGSLQPL,HLA-B39:01,HLA-B*3901,9,0,PEPLIST,RHLGSLQPL,RHLGSLQPL,RHLGSLQPL,0.7242,0.0924,0.5919,0.0718,0.1298,2,idx160761,9_36204172_36209265_DEL_1,CLTA,frameshift,DEL,l041,0.566031,0.971215,0.477297,0
l041,RHLGSLQPL,HLA-C07:02,HLA-C*0702,9,0,PEPLIST,RHLGSLQPL,RHLGSLQPL,RHLGSLQPL,0.0488,0.9938,0.2903,0.9674,0.1298,2,idx160761,9_36204172_36209265_DEL_1,CLTA,frameshift,DEL,l041,0.566031,0.971215,0.477297,0
